{
  "best_params": {
    "mu_1": 0.6871945259042033,
    "mu_2": 0.7223851417399805,
    "mu_12": 0.20625610948191594,
    "B": 0.23362658846529813,
    "a0": 0.014662756598240456,
    "a1": -0.03616813294232646,
    "b0": 0.5777126099706744,
    "b1": 0.9804496578690127
  },
  "best_fitness": 190056.8188995593,
  "accuracy": 0.73,
  "generations": 55,
  "paper_params": {
    "mu_1": 0.1802,
    "mu_2": 0.546,
    "mu_12": 0.1389,
    "B": 0.0917,
    "a": [
      0.0,
      0.0
    ],
    "b": [
      1.0,
      1.0
    ]
  }
}